﻿<?xml version="1.0" encoding="utf-8" ?>
<Employees>
  <Employee>
  
    <EmployeeID>1000</EmployeeID>
    <EmployeeName>SunderVivek</EmployeeName>
    <EmployeeDept>Dev</EmployeeDept>
  </Employee>
  
  <Employee>
    <EmployeeID>1001</EmployeeID>
    <EmployeeName>Vignesh</EmployeeName>
    <EmployeeDept>Database</EmployeeDept>
  </Employee>

  <Employee>
    <EmployeeID>1002</EmployeeID>
    <EmployeeName>Sriram</EmployeeName>
    <EmployeeDept>Testing</EmployeeDept>
  </Employee>
  
  
</Employees>
